#{"t_start": 1790964607.9175122, "env_id": "None"}
r,l,t,fuel_used_total,reached_goal
-1636.502859,400,13.351643,2112.6273918212364,False
-2320.086486,400,13.541919,2025.4615375379187,False
-2422.135186,400,13.689974,2097.564985808905,False
-1713.712332,400,13.880512,2148.486296543451,False
-1923.456663,400,14.020377,2104.439372095282,False
-2336.60651,400,14.154832,2097.506711555937,False
-1590.126062,400,14.314485,2163.6868095771997,False
-2212.128102,400,14.474404,2161.0344430169166,False
-1812.069311,400,14.619494,2092.026570091568,False
-2543.004105,400,14.769568,2132.4964186037155,False
-2082.26798,400,14.912473,2118.5487332671214,False
-2008.941331,400,15.052292,2176.96944271418,False
-2109.017077,400,18.701027,2060.1065964645795,False
-2094.608302,400,23.709036,1971.5014923849249,False
-63.80628,170,26.32892,885.6995524062057,True
-237.616114,173,28.518201,885.393989181468,True
-156.403431,170,30.856147,882.5239845854874,True
138.896021,175,33.07366,842.4228293904579,True
100.359333,169,35.202561,840.4199076597388,True
363.703533,173,37.553319,851.3933914394661,True
222.125239,168,39.78284,840.1166934764719,True
222.85427,170,41.997934,857.4265992792739,True
405.495001,173,44.320388,898.1093150612957,True
344.645506,176,46.597205,876.6043080955523,True
643.9115,177,48.778306,888.4915496690153,True
761.978827,168,50.762616,852.0705555906696,True
701.904,180,53.097665,928.1495410466927,True
754.998652,184,55.851243,876.1108058553777,True
740.934856,183,58.231651,889.8638294183168,True
768.078007,176,60.619742,861.0617193168596,True
737.336576,181,63.067801,889.415112956542,True
765.559482,173,65.516218,867.3669742787524,True
763.463597,172,67.898682,864.7170877566595,True
740.468195,183,70.599103,884.6131169922628,True
749.621687,173,73.013023,879.8344342763068,True
765.597252,175,75.291842,865.4166376006467,True
778.35898,173,77.565675,854.3534866792277,True
795.005414,172,79.725286,838.6989430266274,True
753.410928,180,81.970469,876.6727005913659,True
812.374174,180,84.750385,819.1125498561859,True
786.858869,181,87.318229,843.1693248027412,True
797.366846,172,89.526175,837.2839921316702,True
807.94278,178,91.845255,819.0069473342107,True
788.290791,181,94.165927,840.0978015346606,True
796.138147,180,96.491302,832.2731250092029,True
795.015827,174,98.942868,839.4366733365563,True
817.34952,174,101.180018,813.2714440530175,True
820.333785,174,103.890249,807.3697475134013,True
825.269236,178,106.321124,805.2608446801902,True
850.592619,173,108.554879,780.5721381803396,True
823.849741,179,110.889934,807.5577423964519,True
845.204271,176,113.133883,783.9919262701765,True
826.175924,175,115.487562,802.2162923893853,True
833.556509,176,117.718726,797.0200931268063,True
842.384044,179,119.93503,786.7558189342725,True
847.702697,178,122.209616,778.589986357344,True
826.720109,179,124.588948,805.406317929995,True
855.69287,175,127.02905,776.3531502190895,True
841.705712,176,129.24421,784.3591706405495,True
848.153504,177,131.32493,781.4224709668814,True
856.37097,178,133.614394,773.5862180453057,True
862.267185,178,135.948256,765.2968613285528,True
858.033913,176,138.2795,775.3647600892282,True
859.856308,175,140.509603,768.7965855385427,True
864.695655,174,142.767661,770.0231720616052,True
862.658003,179,145.12539,766.4264775837879,True
853.694852,178,147.448345,775.4985664664997,True
868.81149,178,149.781927,760.7705947588507,True
862.471423,183,152.151499,766.6490340455233,True
852.17168,179,154.330564,779.8198064586077,True
836.979368,180,156.53235,788.0615238071596,True
888.626809,179,158.839425,741.5115001070725,True
881.16569,179,161.04197,746.1791588737166,True
861.563658,180,163.371499,763.5805207887316,True
858.182307,187,165.831739,766.6678922968686,True
887.398792,180,168.237233,738.9553919113525,True
880.215262,172,170.627223,746.799707081552,True
890.861908,178,172.851532,739.3448760812032,True
901.884794,178,175.269646,729.3876498753315,True
902.969374,176,177.445863,728.7994901300096,True
905.428068,179,179.615413,724.2246430899388,True
901.408175,174,181.698182,727.8876620536569,True
897.480061,175,184.035773,733.667913595533,True
920.351789,176,186.350773,707.32153221636,True
904.715362,173,188.685674,725.4384648010181,True
906.144039,176,191.066156,726.1843952195261,True
915.648983,169,193.19742,718.2164271204708,True
907.253061,171,195.352201,723.4006784091165,True
913.140092,171,197.570418,719.1174194309465,True
896.610759,166,199.781958,734.8151109995484,True
915.421343,171,202.143715,716.1506602874421,True
912.736634,168,204.479855,717.3261725026716,True
904.368383,166,206.749565,726.3994199930688,True
917.449018,163,208.912215,715.672039924546,True
914.304385,166,210.968726,714.3682530008422,True
915.157747,165,213.134598,714.4684235572763,True
899.85287,165,215.392118,735.5709987375387,True
916.995866,164,217.353406,713.4886775339381,True
911.044606,164,219.437258,722.8546039414056,True
922.132011,165,221.553498,707.217631109507,True
919.419935,166,223.780673,714.380314090405,True
897.060337,160,225.871105,735.8692067425447,True
912.225876,157,227.827134,719.4335031639049,True
889.52651,158,229.729853,744.6299607272226,True
899.530578,157,231.646015,737.2362315226202,True
893.811726,159,233.750094,736.5094197495971,True
882.660436,154,235.752536,749.2055040689667,True
890.899553,156,237.909968,747.1450784304118,True
900.235792,160,239.895772,732.8700295402912,True
886.665655,159,241.875932,749.0848245816006,True
916.001288,161,243.952105,720.2730575670336,True
898.453379,161,246.115231,736.5470958757238,True
886.519953,157,248.081905,747.180785416401,True
890.008132,160,250.130574,743.7649002605199,True
896.8256,161,252.198486,733.9099755874026,True
885.667115,161,254.364731,746.1742372505828,True
899.025533,162,256.42427,730.9623265036645,True
892.350121,165,258.531473,736.9087318902325,True
887.48574,162,260.501308,744.5599830148734,True
888.215815,162,262.493525,742.1738704147058,True
902.929616,166,264.952803,731.0634202344081,True
895.00007,166,267.125644,733.6150738250901,True
892.754893,166,269.224111,739.9320275296909,True
896.590262,166,271.346101,738.1560508868558,True
889.2611,165,273.445338,743.0635530213062,True
890.965494,165,275.492181,735.7755124325006,True
873.520713,160,277.396486,756.6922900290951,True
894.631825,165,279.555293,739.3292528270227,True
881.738756,163,281.769728,748.5968392367928,True
911.492668,168,283.983024,719.52390400585,True
888.383236,167,286.366696,741.4541473132854,True
889.535129,166,288.517636,740.4547613391989,True
901.00187,168,290.711267,728.8782972630179,True
892.080103,168,292.854357,740.1382746550894,True
898.881701,167,295.143244,733.4833301611901,True
877.325949,166,297.197996,752.6190284077966,True
875.970083,162,299.29455,758.7826250310738,True
895.712663,161,301.244164,736.3923968751272,True
903.199888,158,303.296052,721.7839467433117,True
903.756322,161,305.401106,731.5327854288649,True
911.616977,159,307.346759,720.0709566397878,True
918.427717,158,309.317344,716.5294093294489,True
926.049418,159,311.162067,704.760668324298,True
914.190289,159,313.150013,718.1057898786212,True
934.042779,159,315.327963,698.8818817833729,True
936.760945,157,317.322856,698.6458456706836,True
921.424353,161,319.36529,712.6896118173087,True
940.165328,162,321.400142,691.2154650430837,True
928.847724,158,323.61394,696.3919252035079,True
918.387917,153,325.790623,709.0068658519795,True
914.10901,156,327.830825,722.4994009365129,True
918.579228,158,329.829723,715.2131015017967,True
911.668014,157,331.890785,721.4671300855858,True
908.51574,152,333.817184,726.6351512950217,True
904.591156,147,335.867561,731.6374871137504,True
895.211158,148,337.705379,740.9391329927313,True
897.055882,150,339.59719,739.214892248009,True
896.939667,145,341.350089,739.8899875115858,True
912.711146,148,343.478396,722.6007594823719,True
865.554724,142,345.287186,772.7396788069218,True
896.973092,148,347.068187,742.1492552903569,True
892.912433,146,348.997958,745.0683031240275,True
896.512007,142,350.719713,739.0133967424391,True
866.588529,143,352.552584,770.1140070280978,True
885.344562,144,354.505919,755.4311831770448,True
890.29562,144,356.474814,739.6989295263793,True
887.359964,144,358.347868,752.8907919568718,True
875.473011,145,360.360627,763.6217510853517,True
899.930248,144,362.391253,740.5820503746469,True
865.1556,144,364.232394,771.9598221534203,True
870.555694,144,366.101706,766.5838885683543,True
885.948543,146,368.057113,749.7083696067574,True
885.354185,148,370.076858,751.6342476353853,True
910.594346,150,371.87008,727.2657992874193,True
910.931309,152,373.974861,724.1124265134198,True
894.213989,154,375.852467,739.097946880992,True
914.601394,158,377.763604,721.8222877773665,True
903.475324,155,379.654489,733.9270485525125,True
914.534984,157,381.616405,719.9007849174134,True
921.383173,158,384.173137,711.6150649634287,True
921.116957,157,386.610514,709.8817826112243,True
929.378618,162,388.990201,704.5559023049418,True
919.847694,160,391.011805,714.9683559693605,True
925.248242,160,393.167568,710.0234038821097,True
916.449636,159,395.174696,714.6953340458308,True
936.573128,162,397.168373,696.5598004748443,True
924.289204,161,399.262343,709.2208381505775,True
933.020448,163,401.260294,702.6042992697252,True
933.146481,163,403.351458,703.0596354418191,True
920.532448,161,405.369733,709.1343461193416,True
925.018555,164,407.334567,706.8045758697801,True
941.726905,161,409.445206,689.6957127356342,True
944.367835,163,411.686207,684.8093231855797,True
940.97168,163,413.940011,694.6236113278192,True
948.580439,164,416.452864,680.7756406285444,True
938.928134,165,418.54025,695.8531869198523,True
936.722405,164,420.631677,693.4097036380289,True
943.381647,164,422.76736,687.941181485481,True
938.412472,163,424.844729,694.9710485653367,True
945.806611,165,426.974543,685.569997155805,True
934.080712,163,429.104723,697.4090780285649,True
953.005939,166,431.229166,675.9314961737373,True
955.697786,165,433.450461,674.9870038758556,True
940.165937,163,435.683191,687.2255379598319,True
944.138547,165,437.737952,685.3307617197751,True
941.155505,162,439.869809,689.953947397495,True
944.944342,165,442.12122,688.3827024946999,True
936.776943,164,444.406315,693.0541276759635,True
953.265045,166,446.904751,681.8604851849105,True
942.166678,167,449.016379,689.6710280545493,True
939.082578,165,451.180353,689.8720933711895,True
948.676364,165,453.328559,683.0451502489642,True
940.652673,163,455.419779,690.6335640594805,True
959.557063,165,457.604938,675.4833579674505,True
952.907841,163,459.622158,677.3010131459249,True
940.100435,167,461.698756,691.5645442435542,True
945.396543,165,463.863866,684.9031857846888,True
959.438929,164,466.1763,673.6616057825613,True
958.303513,167,468.444578,673.4191483080624,True
962.859289,167,470.470657,666.4320529600144,True
954.899278,164,472.536012,678.3108761690881,True
954.398305,165,474.916588,677.4051066645751,True
957.410158,165,476.914528,671.2467580900808,True
964.134247,166,478.954276,668.7066083244736,True
957.97217,166,481.044318,677.6787746691133,True
951.411491,166,483.137357,680.0371799793821,True
951.789186,167,485.22417,681.143813775741,True
965.101899,166,487.227514,668.9980090498075,True
963.973335,166,489.374955,669.2518136328418,True
967.915833,166,491.555744,661.2072097962422,True
957.522132,166,493.736345,671.3010415141807,True
960.003568,168,495.929713,673.7752480493905,True
950.9205,167,498.04162,680.2417813954706,True
982.409698,168,500.259272,645.9429876901974,True
971.873623,167,502.367131,659.228995431049,True
970.930058,165,504.966991,658.856341546143,True
955.871071,167,507.359286,676.9161734542035,True
969.787186,167,509.479583,658.487982441659,True
971.81439,167,511.65668,658.4907089853966,True
973.95176,167,513.764845,659.8431726767325,True
968.169442,167,515.865453,662.3372461827915,True
966.55654,167,517.853018,664.6685890516123,True
980.461435,167,520.015588,653.6649960868518,True
963.419528,168,522.187704,668.3320469189642,True
970.578151,166,524.453614,662.0071527832314,True
987.162679,167,526.548202,643.8971285062357,True
984.075789,165,528.618716,649.2143295540744,True
966.796074,166,530.781678,667.5070229533047,True
967.299161,166,533.054571,666.146094786093,True
969.049439,167,535.325277,659.6923625999775,True
974.82976,163,537.394402,656.7427018981331,True
978.14601,163,539.641839,652.7501362362531,True
979.468725,162,541.726047,651.2697961245317,True
981.027278,164,543.996201,645.4373179673577,True
977.368056,165,546.266136,656.0745588721702,True
985.382425,165,548.766274,643.9325491635859,True
974.741363,167,550.958345,657.6065809356536,True
984.70623,167,553.199116,648.5733739878,True
972.808004,166,555.266925,657.5334981392945,True
974.857053,166,557.491302,657.6099839766337,True
983.284933,165,559.666305,644.8301323102967,True
968.489805,166,561.855781,667.2938448009743,True
976.8535,165,564.184723,657.5511334297905,True
985.949904,166,566.502209,644.0594185513127,True
986.024526,167,568.608347,648.8933229231526,True
983.266845,166,570.845029,647.378273302292,True
970.550174,163,573.155168,659.7644829670687,True
993.484352,166,575.267199,637.1587860858998,True
988.031932,165,577.467812,645.5308027876251,True
994.450161,167,579.637168,636.4555171073729,True
977.327149,166,581.729847,653.9639400490026,True
980.641178,164,583.897037,654.0133424903784,True
994.516006,168,586.000795,633.951327235137,True
990.393533,169,588.066236,637.2648768960742,True
984.370978,165,590.284418,645.1547987053658,True
978.875179,165,592.299188,648.7177370442613,True
984.231133,163,594.530471,646.3133627370379,True
985.585707,166,596.914866,643.1495548676822,True
1002.879955,164,599.142637,630.2979421961652,True
995.767807,166,601.226518,633.6902527589268,True
1014.181337,167,603.316015,617.8236850805296,True
1005.439712,168,605.512178,625.1407411574725,True
998.145896,165,607.617814,631.3916017619443,True
1007.354186,166,609.740014,625.8059592243743,True
995.780287,168,612.039278,632.9031484412841,True
1017.260322,167,614.422307,611.556374180976,True
1003.192382,166,616.593408,627.13139289746,True
1005.600228,166,618.778732,628.3071376354831,True
1012.937633,166,621.006816,617.7979781427227,True
998.25479,167,623.293652,634.2037902824228,True
1025.556819,166,625.792091,607.9041329070706,True
1007.62669,165,627.903765,621.8845939982644,True
1002.788418,163,630.007583,630.6440487311241,True
1012.377358,165,632.093928,618.509246659561,True
1008.72973,166,634.205962,621.1443535006397,True
1001.248218,166,636.450909,628.0107693693716,True
1003.055356,167,638.548231,631.9489800852158,True
1010.16666,168,640.629329,618.8415334295656,True
1023.305918,168,642.923934,608.8966760501069,True
992.613723,166,644.928608,637.2183903110092,True
999.272795,168,647.063319,623.3150137334403,True
1019.080199,169,649.266513,610.3454854817643,True
1019.620585,169,651.438548,612.716348058568,True
1010.266055,166,653.731468,621.1524074110656,True
1008.820528,168,656.172804,622.0092685359048,True
998.987475,164,658.268224,637.0131908259366,True
1011.46179,168,660.34432,623.3899226261686,True
1021.448261,167,662.475767,612.5880382127856,True
1022.297121,165,664.599508,606.4732029774121,True
1008.226518,166,666.732004,621.23543601078,True
1018.536921,166,668.9801,610.7457906771735,True
1013.258808,166,671.182931,620.2915524871717,True
1001.005606,167,673.41338,628.536585727844,True
1018.011813,165,675.610067,616.7678814538308,True
1018.345723,167,677.711849,615.5718624520471,True
1023.257666,167,679.818374,610.6822554151474,True
1009.723421,167,681.963253,622.0198857309731,True
1014.18293,167,684.356508,616.4256368311419,True
1019.252894,166,686.99033,609.9149281296372,True
1026.713516,169,689.23554,605.2321002855363,True
1009.990172,165,691.311722,615.6192751873144,True
1021.204281,169,693.574152,605.197462348919,True
1035.465233,167,695.604409,595.0646753936427,True
1023.459558,165,697.504582,610.5449550959322,True
1017.342215,164,699.514479,618.4480232294912,True
1031.046015,166,701.499388,595.3970405042462,True
1040.658457,165,703.623568,588.7392185730577,True
1030.753615,168,705.643229,598.0154990050388,True
1017.381396,164,707.663508,608.2846797391923,True
1019.331142,161,709.689083,610.4826523638845,True
1020.822552,164,711.681498,609.060194949149,True
1014.254449,162,713.739809,608.3978590177321,True
1031.923594,165,715.754258,596.9060594871645,True
1022.094849,166,717.80902,608.786764841519,True
1029.23977,168,719.974112,599.2533110854305,True
1043.311656,167,722.240285,591.2699802451237,True
1026.450628,161,724.382479,604.2554321366449,True
1027.379843,163,726.591002,605.4549701626346,True
1017.170328,163,728.845866,612.2191190160756,True
1022.067502,161,730.969563,601.7472068470488,True
1027.722459,162,733.098216,599.4608934013486,True
1036.177666,162,735.32947,594.2073748470838,True
1021.762576,164,737.688499,607.2736585322037,True
1022.23863,162,739.772528,610.6501331183986,True
1041.400081,167,741.919306,592.669107387655,True
1028.445417,167,744.257142,605.0957583226607,True
1035.863389,163,746.582292,591.3372392630328,True
1033.354299,165,748.643467,597.8891161001791,True
1036.472661,160,750.564524,587.5674422598458,True
1016.033421,159,752.529358,616.1627716437137,True
1007.018714,156,754.497591,624.0566138533108,True
1012.750904,154,756.392389,616.856208824175,True
1016.588557,156,758.257249,616.8066623382641,True
1024.194906,156,760.351403,600.3581795293304,True
1027.374561,158,762.3346,602.2525785646073,True
1014.075789,155,764.333919,617.2956875292643,True
998.255528,155,766.257381,635.2338071946839,True
1015.027126,155,768.28305,617.8579537660778,True
1018.819283,159,770.408015,606.2418895949928,True
1021.390469,158,772.46471,607.8180020122885,True
1025.299013,158,774.944268,601.329064616163,True
1002.043103,157,777.13689,635.8336270030819,True
1029.121634,159,779.23495,608.2278056498914,True
1017.506402,161,781.164097,606.224316777135,True
1024.032987,161,783.287529,600.372812531763,True
1019.836173,159,785.269404,607.2848333329522,True
1024.988839,160,787.335808,608.8531204767535,True
1031.847253,158,789.41834,595.3579893172567,True
1039.959075,159,791.39746,593.8191088826545,True
1031.841153,160,793.367263,588.8336457864748,True
1027.830681,160,795.442018,596.9979174452997,True
1027.899774,159,797.496608,605.2072257868247,True
1028.245139,160,799.501826,606.0738697411465,True
1028.877586,160,801.60208,605.7589051573738,True
1016.251,161,803.826295,607.2020541489978,True
1040.403693,160,806.119737,595.1203744575572,True
1026.061721,161,808.357588,608.0695268806683,True
1043.994587,161,810.730623,587.3383158202487,True
1030.317507,158,812.944278,604.9178596107079,True
1022.084455,157,815.236223,608.2191999997058,True
1031.671905,158,817.404647,599.0364700905002,True
1019.705401,157,819.570956,613.2200320749379,True
1015.850906,158,821.701923,612.2526139327697,True
1014.619237,159,824.064189,616.6987301105245,True
1032.318047,157,826.148247,605.1535901705815,True
1015.210928,157,828.11526,614.3382875073985,True
1024.119809,157,830.158252,608.1802043864268,True
1052.558972,159,832.302685,578.007125773875,True
1031.047753,159,834.652282,595.3558607129958,True
1032.877699,159,837.268806,602.2989362359101,True
1037.314441,162,839.420394,593.7044643138463,True
1036.610207,162,841.575583,593.4064168509746,True
1034.517622,159,843.769346,598.4551740578197,True
1039.557663,158,845.819734,593.1831637971474,True
1031.800817,159,847.823395,603.875640372141,True
1035.882617,160,849.967028,598.4932148606736,True
1044.578986,162,852.171056,589.7042112683466,True
1016.344286,159,854.352284,605.0502147911518,True
1049.384916,161,856.474683,586.1152851294288,True
1038.547474,159,858.6001,592.9242089381124,True
1040.912578,158,860.694802,591.5342238003003,True
1039.869554,160,862.784483,593.3165126871115,True
1041.340143,160,864.97253,594.5151892415142,True
1040.881875,160,867.176906,593.5775517696464,True
1040.207281,158,869.251867,590.3845146454056,True
1039.743866,161,871.344777,592.4731163529182,True
1045.965137,160,873.35633,588.6211019278594,True
1037.91252,160,875.51037,595.5716234648072,True
1038.674323,161,877.592327,592.5799117901164,True
1027.517694,158,879.594735,600.6085306581193,True
1032.19301,157,881.684769,599.2006974280245,True
1029.531053,159,883.841229,600.0271928472246,True
1047.643703,159,885.894664,587.8507540342033,True
1037.104283,159,887.938813,597.0944680535277,True
1048.366813,158,890.140299,587.5666832618518,True
1037.378098,159,892.210081,586.0544320736766,True
1035.810406,161,894.650736,598.955215079828,True
1040.42557,162,896.963207,593.9626142533158,True
1037.920327,159,899.139525,593.3000204056013,True
1045.595885,161,901.246936,591.1501389646434,True
1048.966326,163,903.583006,584.2467544729525,True
1049.743702,162,905.727829,584.8488975230764,True
1050.078988,161,907.763309,579.0208448720678,True
1044.614844,159,909.82663,586.3453752103903,True
1053.928881,160,911.947339,582.6526979969691,True
1029.987942,160,913.993072,595.5545040449126,True
1050.510592,161,916.145485,584.0698286877383,True
1038.974678,159,918.20849,591.6626185791672,True
1031.760756,160,920.274557,601.2401156293467,True
1040.126528,160,922.586013,595.9683479763448,True
1044.929113,161,925.03796,588.2688103523511,True
1029.619554,158,927.304311,592.2056952805948,True
1027.829496,158,929.520511,604.9296493285709,True
1033.119468,159,931.663307,597.083474424543,True
1032.30562,163,933.830557,597.013185123262,True
1038.408556,164,936.112056,591.7374474265879,True
1033.464003,163,938.466023,599.3024836409155,True
1050.569952,162,940.557735,583.8530613754364,True
1051.520899,159,942.773205,581.2244398851163,True
1040.561254,158,945.003817,588.1353333635611,True
1045.037064,159,947.255545,586.5073731697196,True
1044.694266,160,949.370618,590.8018578757425,True
1048.673604,160,951.496347,581.9792909425447,True
1047.505814,158,953.753737,583.6743470267429,True
1042.033853,160,956.068194,594.1872832682948,True
1043.645767,160,958.103783,588.7273251549739,True
1052.318558,162,960.226673,580.797350637027,True
1053.496504,165,962.386209,576.1411418540471,True
1049.470506,163,964.665809,582.3544447610548,True
1042.532178,165,966.852094,593.1296307910934,True
1058.571378,164,969.099606,577.5231160026765,True
1047.156765,162,971.285098,589.4140415201324,True
1046.539383,160,973.577853,588.2196247885843,True
1030.868298,160,975.85736,600.0187151287607,True
1041.857092,160,978.054507,588.2584292520554,True
1029.395423,161,980.343275,592.981795353611,True
1051.153017,161,982.556457,577.1031626374981,True
1049.555062,160,984.953724,587.5349200030352,True
1045.704055,159,987.449203,587.6176182120884,True
1050.282566,159,989.738022,581.2954360594958,True
1052.07841,164,991.957847,577.0649015508855,True
1060.023235,164,994.06722,571.9087129446189,True
1057.257303,159,996.165651,570.2988011546682,True
1054.386004,162,998.256114,578.7417849498964,True
1063.48421,162,1000.356566,572.6561370079975,True
1057.390256,160,1002.443758,574.7192878105581,True
1042.137864,162,1004.65873,584.8276991233063,True
1040.155069,160,1006.93553,591.9586291647662,True
1044.744347,162,1009.122722,586.6090330571724,True
1038.814385,162,1011.07611,594.4628338840257,True
1045.032343,160,1013.218265,585.1758263607763,True
1044.304539,161,1015.857755,590.0852753397174,True
1049.724883,162,1018.017352,580.9562925736727,True
1055.069365,162,1020.085379,579.0593225773105,True
1054.139451,163,1022.186568,579.8673726713057,True
1056.335437,161,1024.262111,579.0900935820878,True
1066.341242,162,1026.529364,569.8427394658551,True
1052.640716,160,1028.644969,580.6289945895977,True
1048.941007,161,1030.806894,585.2343132961857,True
1059.773519,161,1032.910218,570.1778184799763,True
1046.633417,161,1035.0954,586.2488550093689,True
1062.519573,161,1037.174567,573.3079903130089,True
1042.775898,161,1039.267548,584.6376850286331,True
1054.21537,161,1041.310715,582.2329861148143,True
1048.745686,162,1043.451487,586.3268100785534,True
1054.865536,161,1045.971649,576.1861023855948,True
1048.790475,162,1048.23354,582.8717110961329,True
1049.472276,162,1050.36812,582.1329470676245,True
1053.021273,162,1052.433522,578.2352772382202,True
1064.786292,163,1054.992781,570.3650733939843,True
1061.470903,162,1057.1701,575.5685454402599,True
1046.04026,161,1059.260267,583.7311919705068,True
1057.158847,160,1061.352548,573.2289577434751,True
1049.954214,163,1063.452975,575.8560199098042,True
1067.840843,162,1065.747498,567.0167311585556,True
1052.919515,161,1067.745143,582.7099766595984,True
1047.868819,160,1069.735117,579.0459586754881,True
1062.70384,163,1071.834645,571.6828804245312,True
1050.830969,159,1074.204298,582.350692207531,True
1060.429621,161,1076.611666,573.9742140747761,True
1053.884866,162,1078.675727,576.1135958206245,True
1050.626102,162,1080.712107,582.0551645185923,True
1066.533129,163,1082.884469,564.3782064298709,True
1055.944988,161,1085.085072,572.3092995737239,True
1060.675705,162,1087.335782,573.0188928575546,True
1060.821258,162,1089.585081,566.0697215672477,True
1052.440534,162,1091.773946,580.1142115905427,True
1058.561903,161,1093.85877,568.7283654637484,True
1056.955945,160,1095.8948,572.7505803594689,True
1048.073519,162,1098.10949,578.9331734607298,True
1063.422772,163,1100.454654,565.8607289157015,True
1068.24849,163,1102.795628,566.3912285369615,True
1056.770879,162,1105.424114,572.7980904116424,True
1055.607101,166,1107.814978,573.4166013894427,True
1063.189841,164,1110.190592,566.9363651559817,True
1059.423501,163,1112.33305,573.5712265434167,True
1052.298132,162,1114.343675,580.0788340438983,True
1051.996827,162,1116.390697,578.9234328199318,True
1046.783028,161,1118.421777,585.0028009281231,True
1064.099437,158,1120.503538,572.6413655441113,True
1032.526302,158,1122.693818,600.9713666244387,True
1050.540964,158,1124.697828,582.6231273507182,True
1039.813011,157,1126.86419,592.5888913346312,True
1045.766091,157,1128.939958,586.89398007028,True
1038.391459,156,1131.076472,595.8660522949561,True
1045.277134,158,1133.236062,589.5380685422595,True
1047.537619,157,1135.549716,586.5755489805186,True
1040.536308,156,1137.693502,597.7083272514869,True
1039.221349,156,1139.808877,594.3984459923382,True
1060.564249,160,1142.096611,574.0468480286454,True
1044.505852,157,1144.29365,585.6635306945551,True
1049.582437,159,1146.457959,584.9753273240096,True
1052.230079,158,1148.728704,581.709372283156,True
1046.889244,158,1150.775229,585.7791075761075,True
1059.115599,160,1152.98101,577.2142617936312,True
1053.00116,159,1155.076028,582.2425514741652,True
1056.775671,160,1157.306188,575.1114352154797,True
1069.897793,159,1159.73582,566.380213212969,True
1053.274074,161,1162.001642,582.6555224141807,True
1056.1225,158,1164.25014,575.8933502507438,True
1049.082623,159,1166.457626,582.5895103032339,True
1056.743725,161,1168.66979,579.5100878671501,True
1064.040368,163,1170.768096,570.1597240272366,True
1046.715235,158,1172.807463,581.4870875349213,True
1069.590577,161,1175.012906,566.4592184660029,True
1071.240296,161,1177.121309,560.3285479295362,True
1072.995789,161,1179.421236,559.2930296671726,True
1078.909649,162,1181.94191,555.7713199126407,True
1058.432243,161,1184.28886,568.9629271095761,True
1060.701626,161,1186.440954,567.9288908758921,True
1055.736208,158,1188.524074,577.0316319299837,True
1058.315876,156,1190.57778,578.9486250374752,True
1052.431298,157,1192.688554,581.1756279795089,True
1055.342539,159,1195.179006,576.266871018405,True
1061.466397,159,1197.573046,570.108039757293,True
1060.787599,159,1199.734894,571.0032030962873,True
1064.269275,161,1201.890199,571.9010496931938,True
1068.389544,160,1204.044137,568.1137707447982,True
1054.352977,161,1206.375729,577.6946790554695,True
1055.359872,160,1208.474842,575.6351816537893,True
1055.072598,158,1210.835566,581.1486905884422,True
1053.412282,157,1213.134001,577.1989107686492,True
1061.262231,159,1215.35823,571.2741087745545,True
1059.106422,162,1217.642837,562.6984926247659,True
1054.980507,160,1219.863934,578.9491177688786,True
1065.085776,158,1222.021731,565.0954772076664,True
1052.406859,158,1224.408376,583.8609684904319,True
1057.106141,159,1226.867381,574.8035763559158,True
1048.280169,158,1229.148291,581.3708852808405,True
1066.499095,163,1231.499822,568.6305356702836,True
1079.675752,163,1233.774889,554.3680406417778,True
1058.036061,163,1236.02034,569.1108101515234,True
1067.246936,161,1238.186343,563.8896571190198,True
1048.539674,157,1240.508642,588.003705015698,True
1042.842936,156,1242.715974,591.8813253107993,True
1055.265261,155,1244.752996,580.2308057091608,True
1048.721197,157,1246.800277,587.9979317530635,True
1063.868476,159,1248.971537,572.2542858449223,True
1063.801224,160,1251.12789,572.9005700811275,True
1060.838427,161,1253.337981,569.4457862710491,True
1068.300479,162,1255.610846,563.0607944396229,True
1053.662002,160,1257.737665,577.3221328654528,True
1058.1249,161,1259.976786,574.4849536804854,True
1045.424656,161,1262.30675,580.8594012550822,True
1073.544604,162,1264.50137,562.7536986560958,True
1060.603177,159,1266.559636,574.3316982437238,True
1071.684716,159,1268.749365,564.1296244694515,True
1053.483532,156,1270.805407,577.2246918812232,True
1068.845857,159,1272.935132,568.1544758784066,True
1056.914624,161,1275.019644,576.5303924752682,True
1067.395027,161,1277.094767,566.1266226470962,True
1068.045192,162,1279.217059,564.8031255329333,True
1061.260742,159,1281.599916,569.1595131831967,True
1048.359696,157,1283.964454,582.3847855707979,True
1050.149217,159,1286.682642,581.3609990399212,True
1058.563311,158,1288.838589,571.024768759006,True
1063.163059,161,1291.066889,572.1565842862789,True
1060.08804,159,1293.170294,571.7796920191806,True
1050.957657,157,1295.269003,581.1218722992631,True
1053.2931,160,1297.405402,571.9726792113696,True
1048.308995,160,1299.567348,578.6819692310742,True
1062.947661,160,1301.759221,571.1263499685808,True
1058.661824,157,1303.894643,572.6191171855033,True
1064.973511,160,1305.977113,565.6568779534992,True
1064.633274,163,1308.206142,568.393310725995,True
1056.562323,161,1310.303198,575.4746764863731,True
1066.010283,163,1312.419245,563.3924982425349,True
1060.990907,160,1314.677579,570.7775761374401,True
1063.070454,163,1317.074084,566.3052169384102,True
1064.240185,162,1319.50124,564.1076486753271,True
1054.248771,160,1321.891312,580.9599152061944,True
1056.258066,162,1324.266701,575.5888552670302,True
1068.681304,160,1326.54497,564.6273396771312,True
1063.340844,160,1328.611854,571.7462482729577,True
1050.964166,158,1330.797832,580.2258204999588,True
1048.720141,162,1333.027006,584.0520762466203,True
1077.284907,161,1335.163214,556.5120697976967,True
1062.862218,162,1337.369842,568.6811863697335,True
1069.454366,160,1339.478585,567.9899525735995,True
1073.515058,158,1341.619858,562.8320727898345,True
1057.182808,158,1344.046563,578.0220505688338,True
1062.758058,158,1346.334028,570.1087878725235,True
1066.907933,158,1348.551082,566.4330786573225,True
1058.750911,160,1350.718048,577.9827298387204,True
1066.088526,160,1352.966339,564.4431228186111,True
1046.605458,156,1355.010576,590.5754358578927,True
1047.878634,158,1357.117832,582.9250451704611,True
1040.866741,159,1359.217016,583.3778268366322,True
1065.329675,159,1361.231814,567.9163164879245,True
1051.257916,156,1363.264673,580.0087471876692,True
1045.66947,159,1365.309276,588.8898722372254,True
1061.258597,159,1367.512328,574.322865790714,True
1068.833789,160,1369.883458,563.7986832041554,True
1069.986701,162,1372.458064,566.201836339623,True
1063.525896,160,1374.882044,566.8427164120968,True
1061.02679,158,1377.156394,571.4083369992337,True
1067.951778,159,1379.286421,569.4595431085218,True
1059.066265,160,1381.419958,575.2504153281166,True
1050.50719,160,1383.625987,580.5930231090392,True
1062.680124,159,1385.928353,572.8732103110085,True
1066.536543,160,1388.186311,570.1656051270181,True
1049.650791,156,1390.34617,580.4395823260753,True
1054.707205,160,1392.364016,581.0365568379261,True
1046.766927,158,1394.597831,585.4521498281139,True
1049.780908,157,1396.724237,581.1677851060186,True
1049.013901,158,1398.903843,585.1561470430163,True
1061.261806,158,1401.106737,575.3754056228977,True
1059.817365,158,1403.435068,570.9651827069101,True
1076.196138,162,1405.841172,554.1599771427431,True
1071.190573,164,1408.173351,556.6990738919642,True
1061.197941,165,1410.443223,573.8799030079418,True
1072.095135,164,1412.737671,561.9423791849576,True
1060.674457,163,1415.125871,570.7113214166798,True
1068.943,163,1417.361149,566.9895589732901,True
1076.915964,162,1419.673342,555.2778041596428,True
1067.526207,161,1421.884332,561.4929573272979,True
1073.153297,159,1424.211235,556.7896986354802,True
1066.426942,160,1426.482811,565.8958318386817,True
1053.530596,158,1428.789464,577.6913907222339,True
1063.74638,159,1431.071012,568.0365127659572,True
1066.802002,160,1433.490216,562.2839145364279,True
1064.568023,159,1435.980249,566.2038034162521,True
1063.522278,160,1438.268057,567.5930244043295,True
1069.701437,163,1440.379068,561.2157983765514,True
1080.45666,165,1442.609756,551.2309007978153,True
1062.937182,161,1444.843471,565.6390388709855,True
1060.428995,158,1447.023305,575.7967837126461,True
1052.552148,157,1449.154827,578.4805766619105,True
1064.164211,161,1451.187121,569.3824449328415,True
1068.95435,160,1453.255893,566.3425999541964,True
1073.38864,161,1455.479687,560.3266254133296,True
1079.117861,162,1457.768776,555.3207285780278,True
1077.866861,161,1459.878949,554.0581402785599,True
1054.930674,157,1462.035708,567.1875175063354,True
1071.663312,158,1464.343164,559.463927726695,True
1053.062009,159,1466.589918,579.1828387066413,True
1065.345044,158,1468.636639,569.177186078923,True
1063.304087,159,1470.685914,573.1309564306451,True
1060.427318,161,1472.845591,568.2041486750178,True
1062.633608,162,1475.035947,573.7149390050041,True
1059.617281,158,1477.204001,572.064424623144,True
1058.150891,156,1479.238182,569.7224021039143,True
1065.285137,159,1481.3731,568.6146173972841,True
1081.811864,162,1483.714368,553.8102946193584,True
1078.601608,161,1486.01275,555.9383293999422,True
1063.219933,160,1488.383209,570.5575269990726,True
1081.90415,161,1490.592389,551.141922015126,True
1062.413798,158,1492.706025,569.2858335897362,True
1062.72014,158,1494.889715,568.1903376432159,True
1053.549442,158,1497.097123,572.6620028834024,True
1054.36244,157,1499.189816,577.0728686900258,True
1060.727738,157,1501.192957,566.8509335751745,True
1054.644581,160,1503.366759,581.445940102636,True
1068.436781,162,1505.561743,562.2390680119532,True
1065.924396,164,1507.742098,563.1855850719453,True
1072.620814,160,1509.993839,558.2743044557753,True
1078.069456,161,1512.236968,553.0097159023898,True
1044.760487,157,1514.339559,586.6317506767912,True
1063.447971,160,1516.497766,567.0189966391077,True
1075.571777,159,1518.711629,560.0544970848139,True
1051.233858,159,1520.88928,578.6304254436384,True
1058.649506,159,1523.13311,572.7925506006657,True
1067.405465,159,1525.877184,565.9997482014228,True
1050.857421,155,1528.108549,583.1795330023778,True
1045.769789,154,1530.268961,586.0098677848882,True
1053.384739,156,1532.293206,575.7855613498648,True
1056.304038,160,1534.349963,578.8650395537788,True
1055.089454,161,1536.437092,576.5227699292424,True
1069.015305,162,1538.516191,566.0580625777881,True
1075.20668,162,1540.692783,554.822804942355,True
1068.989605,163,1542.901769,563.7293325538282,True
1059.328778,158,1545.034237,571.1521782683856,True
1057.997369,158,1547.095358,570.7866594243843,True
1067.443949,159,1549.364804,566.0180267702572,True
1060.907512,157,1551.593912,573.1338493447482,True
1060.142988,159,1553.927152,571.0236071102144,True
1057.988388,156,1556.30977,575.5108605454124,True
1048.859207,157,1558.483661,580.1818989954974,True
1056.291587,159,1560.622625,575.222910168266,True
1068.797796,159,1562.846742,567.7422437711427,True
1076.213984,161,1564.940501,559.165090429047,True
1067.720767,161,1567.146225,564.4101266283262,True
1075.88295,162,1569.505311,551.0771799596821,True
1067.038123,163,1571.655548,566.4082744161485,True
1082.748015,162,1573.938082,547.461957576229,True
1067.893291,162,1576.138772,567.4579298582701,True
1069.20216,160,1578.440134,563.7900608784541,True
1058.596922,158,1580.637284,570.7958965012234,True
1061.379567,158,1582.982722,571.7541515829485,True
1059.292469,160,1585.316123,572.5222336603765,True
1072.522258,160,1587.486516,562.0494068665323,True
1075.030932,162,1590.113156,557.5316599533392,True
1070.000327,159,1592.364883,560.5302898032008,True
1059.758952,159,1594.656395,572.7692166405429,True
1075.581046,161,1596.983273,557.2771761789146,True
1071.154443,158,1599.208727,560.9353908605347,True
1061.766733,158,1601.358963,575.2972208885986,True
1061.785655,159,1603.584276,572.7437701139363,True
1074.155466,159,1605.690614,556.1078582493269,True
1079.832302,159,1607.733344,551.6501666392379,True
1065.180383,159,1609.861082,569.7312641823042,True
1063.911195,157,1611.96057,573.0745993301725,True
1064.648915,157,1614.109218,571.2892507167486,True
1062.646726,156,1616.375568,566.0599453447078,True
1061.518765,157,1618.669462,571.0367351503551,True
1068.255719,162,1620.895749,568.0758555308356,True
1062.472466,162,1623.347595,573.156163185208,True
1080.763928,163,1625.842474,555.6663165112047,True
1075.148084,163,1628.530662,560.6893952507698,True
1072.34931,163,1630.835802,559.838832002369,True
1072.934304,162,1633.032852,556.203594512101,True
1067.85062,162,1635.150635,562.2493593814316,True
1073.55931,164,1637.471412,558.5163468008703,True
1074.689591,163,1639.755525,557.256726744471,True
1074.637259,160,1641.743484,558.4733601404764,True
1068.047354,158,1643.939719,563.6512198797683,True
1061.193052,157,1646.157624,569.3389557034897,True
1071.797029,158,1648.206612,559.4509028805637,True
1073.859649,160,1650.437793,558.225182390434,True
1065.180435,160,1652.710623,560.3003826132217,True
1059.997572,158,1655.078228,575.5488580596316,True
1073.427206,156,1657.533298,564.5632320702922,True
1056.22793,155,1659.896051,575.2743024275286,True
1059.482265,156,1662.3222,574.4354010024571,True
1058.010038,158,1664.629634,568.4731250940041,True
1064.120588,159,1666.842223,571.0390478551798,True
1072.523509,161,1668.998542,558.3426141821212,True
1069.361912,164,1671.186141,561.4501566206624,True
1063.154512,164,1673.431714,563.7711204419132,True
1074.323914,162,1675.754068,555.3430885010223,True
1070.403744,161,1677.80512,559.9737483015333,True
1067.279612,161,1679.994468,566.7030042288595,True
1076.776903,159,1682.098184,554.6986780633439,True
1074.522485,158,1684.351914,559.9388410009032,True
1050.41474,157,1686.548074,581.4601523116438,True
1059.673187,155,1688.645366,570.3636352346009,True
1055.932067,154,1690.795305,571.2585329740054,True
1034.900121,153,1692.772637,575.3324106667374,True
1050.654809,159,1694.909084,578.3090732469736,True
1069.335939,160,1697.025367,559.6849306469014,True
1051.616369,160,1699.30249,580.2674888415957,True
1058.667313,160,1701.573334,573.9169966805366,True
1071.868142,162,1704.146473,563.3306984879797,True
1071.723433,158,1706.767834,559.1097984386744,True
1074.934278,159,1709.050907,556.6305992796554,True
1066.933948,161,1711.255567,561.3932928048362,True
1066.107784,163,1713.506401,565.6783713558563,True
1067.913559,160,1715.776862,564.0149546917402,True
1067.159094,162,1718.049546,559.8587282315184,True
1061.066588,160,1720.301895,572.8070513814589,True
1073.956691,161,1722.506166,556.0563603278715,True
1078.694675,159,1724.629555,555.5096749447117,True
1068.433386,159,1726.693183,559.4501421149095,True
1074.182672,158,1728.869704,549.6837969998352,True
1075.007087,163,1731.074496,558.844664040546,True
1086.545395,160,1733.311996,549.5342212131818,True
1072.613456,155,1735.653374,564.0152281245204,True
1061.91556,155,1737.779365,572.7174546524815,True
1064.264198,156,1740.020276,570.0399502362109,True
1056.99277,156,1742.173895,573.5440456285287,True
1067.040372,158,1744.247192,567.208313271261,True
1072.478262,159,1746.424095,559.4867068141253,True
1082.257046,161,1748.493306,552.7210686793226,True
1074.447397,163,1750.699662,559.2692560391954,True
1067.836367,158,1752.973599,565.0541587387225,True
1061.420246,159,1755.197297,572.558473580431,True
1070.349326,160,1757.56449,561.0614337900668,True
1065.289013,157,1759.886704,572.4134925719477,True
1060.240416,154,1762.193188,575.3521464067794,True
1051.121734,154,1764.747874,581.3292316016534,True
1050.121556,155,1767.297069,576.7065927071878,True
1067.682014,160,1769.990197,569.3471546628388,True
1065.222932,159,1772.447834,569.9936823631789,True
1059.048574,160,1774.961326,572.4422998276254,True
1082.550367,162,1777.186497,547.9952511836299,True
1072.828484,161,1779.385592,558.7823822374761,True
1076.29549,161,1781.556079,559.9568374696602,True
1060.079505,162,1783.878818,571.930483145717,True
1072.004379,165,1786.166395,558.5067397851127,True
1073.457624,160,1788.335852,559.3072245324157,True
1063.355187,157,1790.406202,571.1930167538655,True
1064.291515,156,1792.43877,568.5338578866929,True
1070.631966,158,1794.687361,562.4027757750188,True
1059.025717,157,1797.02046,571.7436414783481,True
1062.262961,157,1799.118374,567.8008681466166,True
1064.963632,161,1801.323085,567.644322301597,True
1077.053333,160,1803.508144,558.3249049394356,True
1070.347607,157,1805.766873,561.8614318384533,True
1065.213808,156,1807.966272,571.4469255724872,True
1060.022008,155,1810.019804,578.4209223756585,True
1057.460665,155,1812.31741,580.414298892135,True
1056.217889,155,1814.559034,577.0990910800454,True
1046.049261,157,1816.665547,586.7557155712417,True
1073.873798,160,1818.789295,560.4802154225335,True
1072.445845,159,1820.972591,561.640756330457,True
1073.638042,158,1823.174678,558.0308809797222,True
1068.006318,158,1825.552755,564.739221264551,True
1064.429532,158,1827.626602,573.6217979734485,True
1071.383155,160,1829.801211,565.133551159301,True
1085.667093,160,1831.988546,544.4814074382616,True
1076.797664,160,1834.167366,558.8609043325854,True
1062.756258,159,1836.471269,572.6573138011429,True
1068.140235,158,1838.566756,562.8745753065773,True
1077.884618,158,1840.927889,551.0459130362045,True
1075.018861,158,1843.144387,557.0024325464946,True
1060.11767,157,1845.532847,573.1632577107933,True
1062.605516,156,1847.71417,564.8036781982944,True
1074.24044,161,1850.174526,554.0204079692543,True
1077.08859,163,1852.349383,556.7761242511197,True
1076.169283,161,1854.698148,553.4311110634967,True
1078.464109,159,1857.001767,551.1262172879138,True
1069.191011,157,1859.182748,565.3828865410173,True
1065.706091,156,1861.297311,571.7365005683598,True
1060.410972,157,1863.639208,571.1802999632293,True
1079.818334,158,1865.834916,551.0115328489718,True
1070.859047,159,1868.085379,564.6612459924291,True
1070.85617,159,1870.266516,557.2782255901282,True
1060.44226,158,1872.496544,563.0792574701821,True
1071.173147,160,1874.679243,559.0454025985447,True
1073.103375,162,1876.878264,560.1553650319858,True
1069.64643,165,1878.998383,560.3923141982594,True
1083.25285,166,1881.398419,548.672857941537,True
1079.412111,161,1883.831857,552.8375381708955,True
1065.103844,156,1886.353083,562.8804671882856,True
1054.114131,159,1888.816403,564.9675891178039,True
1062.08111,157,1891.093393,572.063560620276,True
1054.620298,158,1893.498654,562.6548682231663,True
1068.605498,164,1896.029268,564.5039254191273,True
1068.083133,166,1898.27472,562.0892484123434,True
1090.963052,166,1900.546472,543.387481323912,True
1090.373068,162,1902.811926,538.8060065927108,True
1087.576901,164,1905.247156,546.4742445526497,True
1078.24999,163,1907.509139,551.9213995161624,True
1094.133666,165,1909.759013,540.2671002800017,True
1074.754156,162,1911.936377,557.3607299131538,True
1065.567883,155,1913.956757,570.6647387481503,True
1058.16243,153,1916.31076,573.5243233183114,True
1066.781838,154,1918.387727,568.9008729150536,True
1073.603537,158,1920.495521,559.9620017416307,True
1067.216863,157,1922.760647,569.9460027462967,True
1053.775789,155,1924.810544,577.8543854890718,True
1066.680209,158,1926.942388,570.5986814685307,True
1067.442484,158,1929.274404,560.5558692738986,True
1072.983468,158,1931.400182,563.1056202520042,True
1067.951605,158,1933.638267,562.9376512395081,True
1075.105898,158,1935.985778,559.887447613203,True
1077.050602,158,1938.300345,554.8646170529028,True
1069.298917,161,1940.539789,564.2238925594887,True
1066.485735,162,1942.880156,562.5266707795587,True
1070.519919,163,1945.328143,562.464529157467,True
1085.722982,161,1947.550215,549.2920838929875,True
1069.86333,160,1949.682127,559.3147638310514,True
1071.529487,160,1951.861512,558.9376562957926,True
1082.442868,160,1953.996781,551.1151639434263,True
1081.319423,164,1956.141839,551.6685679375158,True
1072.745445,158,1958.11466,561.3565319358389,True
1059.420082,156,1960.174557,576.2616919711824,True
1060.527222,160,1962.416578,568.6459590263182,True
1053.865395,156,1964.633476,569.1245112042363,True
1074.245258,160,1967.116059,560.5725221870011,True
1084.004587,162,1969.216313,547.4185619265776,True
1083.32576,162,1971.56145,546.4897742788241,True
1074.274777,158,1974.049957,558.0728702030567,True
1064.453621,159,1976.43852,561.647326678205,True
1066.321514,161,1978.75302,563.6727326874162,True
