#{"t_start": 1790964607.920508, "env_id": "None"}
r,l,t,fuel_used_total,reached_goal
-1780.180622,400,12.958526,2058.6994190214546,False
-2049.977213,400,13.100777,2053.8230130295888,False
-2086.65462,400,13.23222,2123.06056258853,False
-1972.295037,400,13.394817,2117.2883315948043,False
-2294.136782,400,13.606625,2095.143904471487,False
-1905.104067,400,13.774893,1926.2039644874158,False
-2334.882324,400,13.924355,2077.47448411014,False
-1785.114531,400,14.071005,1793.2021695531332,False
-6457.40948,400,14.215939,2097.352479936887,False
-1800.556565,400,14.374249,1930.6327468451398,False
-1703.683825,400,14.519272,1981.1882637635601,False
-1728.340172,400,14.670408,2299.3015682855817,False
-2058.908588,400,17.756876,2103.2954782483916,False
-2007.628265,400,20.762651,1808.138852013172,False
257.650936,229,22.546716,832.5175407697874,True
-115.212777,217,24.494681,785.1415263829756,True
-260.518841,364,27.797172,1312.3663790075009,True
182.894657,217,29.730038,775.4960844782195,True
513.964489,208,31.490162,777.2546747071154,True
43.33079,217,33.390807,773.2751907559876,True
335.494724,226,35.174466,820.6900986338859,True
-38.464377,230,36.98537,814.5736968166673,True
611.285739,231,38.856115,864.3728963204906,True
134.858284,208,40.505531,853.3303673765795,True
441.504136,220,42.282816,831.749513580733,True
453.320997,235,44.152974,898.3057601374715,True
164.139343,242,46.012365,855.6275062264396,True
105.228023,241,47.882231,878.4214064567549,True
711.924751,191,49.289625,907.2170842198535,True
518.524484,186,50.700239,787.6127051296604,True
712.925368,235,52.510136,898.1643295662265,True
669.880039,234,54.454128,943.7419095157732,True
570.101121,225,56.417801,1044.975370762015,True
350.354547,192,57.931725,843.4062704457364,True
-124.377431,400,61.134988,1438.6525589429052,False
231.25506,173,62.586639,808.0686853541723,True
545.515297,192,64.046525,795.6431860322032,True
606.410325,200,65.774793,806.0354806029148,True
697.969479,204,67.380349,922.2681810015159,True
215.736251,177,68.956872,805.6883719961403,True
360.94563,183,70.447326,854.9423654619673,True
669.206174,183,72.052666,908.8558508191762,True
252.107457,178,73.522777,809.978104958295,True
-4.997344,186,74.945561,787.1089530170646,True
219.496671,177,76.368492,807.1615354946371,True
354.955989,191,77.839475,835.1802549754357,True
713.266151,182,79.276361,913.3093326387591,True
723.358253,194,80.781006,905.4657675937027,True
518.435723,166,82.110605,919.3593602290309,True
530.028481,176,83.652712,902.0467393444973,True
699.917995,177,85.143287,926.0110779493117,True
284.132613,186,86.708863,816.3480577485658,True
749.123152,203,88.198555,863.8017692985708,True
691.126158,195,89.663353,930.1340881521476,True
843.369367,195,91.179584,780.9874510500517,True
525.525177,192,92.660627,788.4965547006659,True
716.511568,236,94.509612,897.1779962695047,True
788.191672,213,96.217358,832.0572934221889,True
763.432659,192,97.942885,862.1103414158808,True
799.554333,213,99.782815,820.4562411919968,True
788.559644,187,101.451871,782.8771323847518,True
823.594528,204,103.238779,795.3043382370936,True
812.309143,206,105.009181,808.9112414823933,True
867.951218,185,106.619997,758.2930818412677,True
814.876072,202,108.225589,807.4165473076469,True
787.120153,216,109.909157,830.3745860317194,True
836.756086,191,111.388387,786.8478972073832,True
857.369261,182,112.742949,768.0686386267017,True
817.991119,169,114.066214,817.5619190054097,True
843.858035,177,115.528985,788.8484151972689,True
833.245981,169,116.84478,801.2467753887225,True
778.209043,189,118.198812,843.3061036948529,True
748.420841,218,119.835912,873.6277914223884,True
799.971219,176,121.199609,830.6133248264055,True
702.481739,168,122.506777,933.6704616997597,True
866.811363,195,124.140967,760.9490546201775,True
644.519134,178,125.622821,803.5599388770355,True
659.126228,195,127.168073,962.8386739908917,True
678.123004,205,128.75358,948.3260999192347,True
792.197192,190,130.189055,837.2902160388611,True
707.86445,210,131.859716,910.6425530598309,True
716.255611,209,133.404959,901.6968852876927,True
689.843333,211,135.070133,934.5475155661994,True
617.597029,237,136.958637,996.4190910506969,True
820.112267,201,138.51624,801.8914864680222,True
644.257715,233,140.258406,967.5601504602464,True
853.400763,199,141.75242,766.6835941828559,True
758.715613,191,143.256726,869.162452781495,True
848.682709,196,144.889907,777.701730081716,True
754.433231,210,146.6664,863.3867334935666,True
816.608081,201,148.179669,801.845390814464,True
750.708429,213,149.797114,870.9297300708317,True
787.186808,184,151.28249,842.3603273059599,True
755.066514,186,152.704574,871.1677281628453,True
782.883346,208,154.239601,837.2406296078537,True
756.94886,197,155.653735,865.3264608873042,True
673.364907,224,157.339467,944.498576125954,True
843.217286,189,158.843839,780.084874680984,True
621.470862,229,160.603516,993.5775794048444,True
837.241519,179,161.977218,794.4315118504381,True
798.336846,184,163.507908,825.5691478355367,True
777.218899,188,164.997411,852.1222123889979,True
809.578795,189,166.540919,816.394034422442,True
810.059196,180,168.086153,815.1008887163715,True
826.217658,168,169.452689,808.3842357575198,True
828.66482,180,170.916933,797.030763985082,True
767.759853,172,172.254033,863.3498183095198,True
748.015717,186,173.710177,878.1720586583353,True
766.307655,171,175.125151,807.6428794811843,True
809.412922,182,176.670657,819.3482368056194,True
730.434734,185,178.211873,895.1118650215735,True
701.145613,190,179.677008,921.9641322818259,True
787.483641,176,181.046537,840.4717774447529,True
783.599724,168,182.355752,852.8012270282617,True
792.154793,178,183.793493,837.1659561510431,True
782.212857,192,185.400563,842.2139123198245,True
490.128284,246,187.300361,1124.8125621394963,True
842.665919,186,189.016981,784.8070233079492,True
801.002311,188,190.530025,827.2441862069261,True
812.063664,186,191.914691,811.3048860384648,True
792.902357,203,193.471982,831.1589958086021,True
856.301848,199,195.117283,768.6775247923008,True
788.326178,178,196.42774,835.5059005850529,True
651.338165,189,197.935998,978.0847690095385,True
699.818049,187,199.473314,926.1115660636237,True
626.903269,195,201.055268,995.3840787196175,True
658.809863,187,202.527783,965.3839798526167,True
723.552902,181,204.059923,903.3027374716179,True
647.147856,170,205.488774,982.1609791543398,True
745.016307,179,206.867283,882.0344195181343,True
698.669799,170,208.240414,934.8528004377986,True
762.061272,183,209.676467,865.1598111869548,True
783.253896,182,210.985316,844.3236177187124,True
761.243815,181,212.342077,776.7485496649618,True
833.976304,180,213.773371,789.9197053788232,True
778.538018,176,215.148899,853.5713233945404,True
606.832323,182,216.58777,841.9152937398496,True
851.963374,177,217.904058,775.3006477557595,True
815.515859,175,219.296089,810.6668755323478,True
783.422479,220,221.048841,835.5101986626449,True
837.519239,198,222.666163,774.6348311947838,True
776.944788,185,224.112577,853.3667156720705,True
680.519234,176,225.480552,797.1449264417355,True
613.128068,175,226.805106,783.4857438020681,True
868.898317,166,228.084693,753.5911527099013,True
757.143358,166,229.335953,770.0930447084382,True
800.705529,152,230.45199,837.1613249709746,True
805.45969,155,231.604867,786.3758234564964,True
683.504709,170,232.976646,953.2150819009036,True
768.774394,194,234.58104,807.705428600319,True
836.393919,205,236.21259,787.4786686544957,True
821.567797,173,237.668243,765.0980381210715,True
805.648684,197,239.241057,821.9276554881994,True
593.846546,200,240.757005,905.8032892416682,True
842.33038,194,242.248328,780.2725570620186,True
799.323184,204,243.919323,822.5880937012413,True
862.114876,194,245.594681,763.2023082844087,True
807.221593,211,247.263363,811.0141262642338,True
833.105208,178,248.711112,800.4104459157854,True
825.408534,201,250.246608,799.4950061723864,True
823.014802,207,251.924404,796.4310265217302,True
866.020347,195,253.525088,759.653992367633,True
812.724935,197,255.179731,814.6479701117073,True
777.342549,215,256.874687,842.2507111890015,True
874.400842,198,258.544278,752.2570984180941,True
851.298225,202,260.043413,768.3538431706597,True
808.402747,194,261.53528,815.2123352829132,True
788.38075,197,263.184699,833.1857489704613,True
825.627582,209,265.063402,798.3234075021336,True
833.893776,185,266.549494,794.8117482149704,True
859.924347,184,267.903337,768.8402741782736,True
857.771369,199,269.504658,762.4134303284595,True
881.630696,195,271.049044,743.743554590379,True
887.981743,203,272.545896,736.6841965244458,True
854.74219,195,273.988948,766.8243574692183,True
818.018528,208,275.535268,803.5785847306176,True
879.04417,196,276.970837,743.5122899352801,True
875.542016,204,278.472031,747.7135103670452,True
871.754443,186,279.9528,757.5582342205137,True
862.553749,184,281.450932,768.985247871627,True
881.075831,177,282.856052,744.672008107926,True
872.630023,197,284.42821,750.890227907286,True
888.219643,186,285.895326,733.1827173099354,True
890.066731,180,287.369739,741.509376511531,True
876.21746,200,288.929681,745.842077791044,True
895.374057,194,290.487411,728.2498661125901,True
886.670036,186,291.963247,741.2557530745513,True
858.290085,184,293.392133,766.4764980605955,True
836.134658,193,295.036934,790.4243841695527,True
872.469475,195,296.685999,751.2070063448525,True
885.497169,191,298.22682,741.6898713600351,True
854.963937,186,299.676251,772.8084647223759,True
879.050866,195,301.136011,744.8826046673857,True
887.003334,176,302.49853,742.446396140401,True
926.25036,180,303.94531,700.1169337925851,True
583.07886,202,305.562843,1041.9040495460515,True
807.456433,160,306.88869,810.8830292928646,True
777.320303,218,308.53179,841.2856895648811,True
881.841441,177,309.85967,746.5068571116742,True
746.62018,205,311.341763,871.9599235813923,True
822.76887,181,312.649485,763.8636619996428,True
874.202721,170,314.095227,755.5867319899556,True
893.243468,175,315.542601,739.3524162475719,True
854.333652,181,316.972522,776.2582048733072,True
875.710054,182,318.33789,748.639637742452,True
847.844239,171,319.672405,779.7781404221291,True
911.472062,173,320.981556,721.3877350593889,True
907.775403,185,322.547315,718.0255965163353,True
866.338453,180,324.126876,760.0271539970322,True
834.29627,175,325.703736,795.1898364933023,True
813.25268,162,327.170321,816.3828009455975,True
841.079809,179,328.651562,784.3081350735656,True
887.78386,180,330.081682,741.031360406962,True
587.440137,218,331.916015,882.6641276331015,True
881.108804,175,333.223815,749.40398831107,True
898.861143,175,334.614139,730.9526220228554,True
901.281512,182,336.260156,727.8286024155948,True
866.662167,175,337.5221,764.2783257874374,True
879.884259,189,339.020712,745.281487657124,True
879.230694,177,340.349689,748.6183784599866,True
885.763733,178,341.697135,744.3230106780894,True
798.931114,176,343.137058,735.690276198424,True
639.78985,167,344.429499,799.5931743523923,True
880.405186,186,345.825405,743.7192090399654,True
863.695534,177,347.199633,764.4027549453289,True
901.608814,181,348.696104,728.891357713646,True
874.109812,174,350.031719,755.6436054929284,True
914.993484,188,351.46397,708.4721241516532,True
857.630877,173,352.787921,758.9871085278071,True
913.721883,195,354.435542,707.6563292694988,True
343.313793,332,357.194139,1247.6180551915786,True
885.716886,193,358.682173,736.17925697887,True
722.545588,190,360.327602,903.3179337934041,True
798.909011,188,361.974166,745.5030532477209,True
874.85417,172,363.345414,755.7539645781462,True
846.563915,169,364.781203,787.7737619345122,True
866.785758,173,366.201995,761.9698039033287,True
888.448023,185,367.865942,709.451060331914,True
894.115955,179,369.433196,731.4901876382393,True
827.840701,168,370.695169,802.0635673633296,True
899.34588,192,372.10403,728.8403035822868,True
868.903616,179,373.548426,758.7081683585568,True
825.000241,168,374.850833,806.5155514290134,True
908.605836,188,376.358321,718.3544560635489,True
908.128599,191,377.738458,717.8945636175761,True
830.992726,173,379.084757,775.9945840434527,True
901.074925,182,380.384574,728.449668065115,True
857.023231,188,381.774405,713.7282889377356,True
840.135603,182,383.394403,738.8196690170221,True
914.069537,185,385.325776,708.6568801385887,True
908.371292,191,386.99147,713.9294438336877,True
889.08565,185,388.66633,736.4629973009825,True
740.081652,203,390.309032,881.2708294616423,True
887.305584,191,391.852488,735.93263742224,True
876.472841,178,393.251634,745.5476290820707,True
919.51991,191,394.701742,704.7126141433656,True
927.669024,194,396.24147,697.1809871503492,True
924.521731,182,397.636,703.3608312960442,True
805.949374,186,399.107415,729.3511449080999,True
711.30664,173,400.459263,763.2305484382331,True
422.93038,219,402.264627,1015.9432381948624,True
900.307053,180,403.640328,727.9637193168571,True
670.892962,195,405.086746,741.6493994754782,True
926.829526,179,406.442319,699.4618439958867,True
863.178006,196,407.923427,717.4326293403703,True
927.946334,183,409.326768,703.2712982042995,True
926.670142,180,410.732724,689.930896851091,True
921.347387,167,412.25566,709.7928716933922,True
403.97904,267,414.535904,1118.6972479183253,True
918.457756,184,416.244925,702.9406728767225,True
934.465246,176,417.637387,695.1383859697576,True
891.891433,184,419.131854,737.8461063416504,True
868.950614,179,420.526304,709.6774984344598,True
924.413391,176,421.99908,706.4186860416387,True
848.885284,158,423.210388,785.3474171654793,True
915.124453,168,424.55531,705.4937296178159,True
929.416919,185,425.976123,696.4446782689284,True
719.387626,173,427.348398,759.3946964838024,True
917.969193,169,428.708025,715.5057081276555,True
909.117437,188,430.180758,710.7132991836662,True
941.174485,178,431.656903,690.5072295887026,True
922.675443,174,433.142378,703.9979328992061,True
874.833329,173,434.61583,723.0594800136115,True
889.938228,164,435.952001,731.0440684523242,True
875.600869,170,437.368872,756.0209874619286,True
917.643681,182,438.759825,706.8891551576719,True
908.12252,180,440.227958,716.5903546143074,True
893.327613,176,441.632678,735.1160880001061,True
901.530556,172,443.098764,732.5158563163286,True
852.877241,165,444.617739,746.25055028678,True
933.600404,174,446.23319,692.0136599008794,True
887.841124,180,447.649048,708.2367152080978,True
892.595807,175,449.055177,736.1125765974601,True
891.318944,192,450.483174,706.4714010274579,True
937.461127,178,451.94572,689.7800473744107,True
595.644068,227,453.738885,933.9959435416665,True
924.503762,172,455.09315,709.9311048118384,True
933.199576,182,456.529094,685.3125572671876,True
927.204212,183,457.98599,702.5240452454578,True
896.738209,178,459.460279,699.4058856936689,True
918.573965,179,460.772002,705.2253060055249,True
908.734298,171,462.109506,711.3715860488841,True
916.155894,188,463.629398,707.7452664968808,True
845.269539,197,465.154644,730.2097871216816,True
928.358683,184,466.834352,695.671827849252,True
828.274525,195,468.416632,725.8506639650531,True
952.357367,180,469.890655,674.6049558748539,True
913.213018,191,471.409364,704.6509375086306,True
908.950216,188,473.237172,698.8794558640665,True
928.953309,170,474.622885,694.0520779745618,True
925.684958,174,476.023075,706.4943101335728,True
934.140634,182,477.353692,694.0818556703961,True
921.907261,173,478.771327,706.9544682472223,True
870.452897,165,480.086126,761.2509375421847,True
917.505865,168,481.405003,713.4477914194563,True
924.943052,183,482.879563,701.5582563543458,True
785.612531,191,484.347578,727.0222213639347,True
926.000672,182,485.742743,701.9852325845862,True
818.613547,170,487.034403,767.81668695932,True
949.044688,177,488.377046,677.5063192002061,True
917.315728,165,489.720258,712.3276072973032,True
854.209778,163,491.044312,766.8926584327489,True
914.925421,165,492.355311,713.9668915805975,True
843.688484,169,493.710276,770.1851749610188,True
862.121737,161,495.00408,761.1431420370898,True
879.572315,179,496.311368,721.387610980266,True
812.217902,173,497.693942,732.2307293353138,True
893.560882,164,499.065619,742.0527537273018,True
886.690835,169,500.429116,734.0829667105725,True
751.489724,177,501.877745,743.7944601593896,True
888.518175,175,503.44258,731.3310472383656,True
918.620207,175,505.067108,713.6442527771862,True
885.398146,178,506.804661,731.0526068394091,True
903.692991,157,508.114927,734.4584148423069,True
847.948518,171,509.561795,716.9588967906042,True
899.416789,181,510.980014,718.9530428983711,True
906.257355,175,512.374371,717.7355727770868,True
841.865412,158,513.617071,751.5959281685899,True
855.915471,175,514.996863,733.6775306370353,True
832.371947,177,516.33269,721.1401358939517,True
866.405248,169,517.61971,752.6798014032402,True
894.068695,164,518.962152,732.710324533888,True
921.602512,168,520.34117,712.4226154509614,True
909.430293,173,521.715313,720.1021725447325,True
873.395947,173,523.263002,755.7271929613755,True
884.262045,187,524.775321,741.1377400358556,True
634.109795,171,526.150719,799.9742562265991,True
881.485674,178,527.641352,721.5241338890228,True
887.330982,168,528.986608,746.4695557796335,True
638.90117,164,530.338883,797.4552730468798,True
937.085283,171,531.690862,691.5529027465035,True
920.018985,170,533.134796,698.0849224295807,True
899.478112,168,534.666994,729.408505477159,True
845.34345,159,536.050265,785.366707641093,True
900.767871,171,537.383231,733.3768168767173,True
899.803267,183,538.89402,719.7409255809057,True
890.118256,172,540.260278,744.3044303646651,True
806.635915,170,541.695785,749.643883784209,True
861.921422,174,543.162569,751.7046207710328,True
920.475151,169,544.50673,712.5248055302159,True
920.870275,172,545.982503,709.6148336507741,True
905.254236,178,547.448864,724.8008297501593,True
917.764147,174,549.122983,713.1752093160441,True
914.75005,164,550.455717,720.9131961858478,True
783.214837,178,551.835983,844.9146403935795,True
840.357003,159,553.20764,787.4289423892922,True
879.595975,182,554.64729,749.2959214503794,True
867.910601,167,555.949548,759.8958607147583,True
853.274783,174,557.403326,744.1822261230664,True
890.471186,165,558.779623,734.8236928777113,True
902.466796,179,560.266757,726.3956579607732,True
933.884652,178,561.779599,694.1520830876519,True
868.672319,181,563.362667,731.913953763012,True
924.932127,180,564.906867,697.276223067111,True
805.571771,163,566.276169,738.0684926127717,True
925.990435,177,567.580552,703.9134620655586,True
847.582253,159,568.882691,749.5271267866681,True
900.346196,180,570.255808,726.0063791887014,True
793.951487,198,571.98339,828.6956987195223,True
842.455399,174,573.455368,755.0426485059188,True
896.178098,179,575.010624,718.2298451068455,True
867.055539,166,576.323833,752.075160167145,True
919.747557,173,577.758047,704.1845609908953,True
925.514978,175,579.208294,689.1735040097769,True
823.720724,177,580.638978,710.3938697867314,True
800.689981,163,581.965511,754.0865657189188,True
895.558713,175,583.324855,701.0211165680787,True
913.143184,167,584.654973,717.4469285159166,True
891.931455,167,585.950793,716.8463463996412,True
903.880945,188,587.369498,711.8953922255931,True
915.121532,174,588.743735,715.1330642864033,True
829.14913,170,590.102356,760.567788020969,True
834.800031,172,591.458401,725.3169859447786,True
918.058317,175,592.857333,709.7671016199857,True
880.347565,175,594.414353,712.3717199160051,True
887.409083,169,595.890188,741.2983310023051,True
947.061236,171,597.337277,679.0974830305248,True
915.77023,177,598.85194,711.0682798282165,True
952.137014,174,600.151736,678.1724898009699,True
868.312643,166,601.494129,750.8642534022305,True
866.822543,164,602.765749,704.1782086559745,True
926.260279,185,604.167754,703.1726952193885,True
872.498301,166,605.53184,706.1913139974091,True
922.106772,179,606.898053,705.3898295746412,True
894.555491,163,608.134425,722.1200717695799,True
-44.241526,347,610.920768,1462.282343548334,True
798.885197,170,612.448026,755.6818646401553,True
944.838097,178,613.909585,682.5363769355763,True
907.204366,159,615.344238,721.4271530107496,True
915.303599,159,616.560582,712.6563931067192,True
903.842708,160,617.833513,713.0876637596152,True
927.750714,168,619.199379,690.1511597856987,True
923.667058,171,620.594581,699.1769114180313,True
915.472281,167,621.858737,713.2705535661576,True
887.167575,173,623.334842,733.1085421419973,True
898.084084,166,624.713419,723.9708296101189,True
867.398743,151,625.973528,762.7137580147978,True
753.734706,174,627.416219,747.885995894061,True
854.43051,161,628.741589,733.7856722898063,True
902.641748,181,630.10766,726.1560533362355,True
918.347032,164,631.338049,697.0989567668161,True
925.524214,185,632.754261,696.074132286959,True
911.000512,176,634.129935,707.2039592568617,True
849.005929,153,635.446979,786.1636514273779,True
881.045176,175,636.798041,705.3458553303678,True
915.038962,163,638.060053,720.418916762481,True
935.435437,172,639.361325,694.1437044039833,True
911.885681,180,640.678037,715.3388930151784,True
861.77019,168,642.031876,731.242875503562,True
910.666191,161,643.293739,719.3798841341869,True
934.446377,174,644.666043,696.5968775143617,True
951.173867,181,646.083647,680.5229868289105,True
945.750569,175,647.568329,681.8562386989403,True
928.083086,166,648.821281,678.2406326620601,True
935.02005,186,650.316343,693.7195907660307,True
899.474964,154,651.516406,736.6344114474614,True
741.637024,201,653.236631,780.5842221401822,True
675.812306,242,655.444212,919.6711245164475,True
345.454321,282,657.715095,1158.7494976080566,True
795.354095,172,659.084411,777.712053128413,True
905.859921,179,660.449551,722.9922428215242,True
900.901139,169,661.763505,726.4516742869974,True
863.517097,178,663.175383,720.610845704266,True
946.81397,172,664.540853,683.5410539101043,True
935.033739,167,665.928968,692.4442315551024,True
934.870481,172,667.257425,682.5097643011501,True
927.941192,173,668.828959,687.2665997171639,True
898.174942,165,670.096694,730.9129828994315,True
948.413578,169,671.323355,685.8710577378074,True
916.130412,164,672.656245,688.3631552022546,True
880.884295,173,674.064617,703.3344319565491,True
916.8316,169,675.422333,712.3944709821334,True
886.102663,159,676.787327,743.9010024461721,True
943.566885,174,678.159013,686.5493355771737,True
946.922521,166,679.469523,683.1312195464528,True
925.359641,175,680.795769,687.5153310118479,True
877.517824,158,682.045095,700.9452024145419,True
928.090464,178,683.456928,700.7204664654917,True
914.38402,185,685.107343,699.6766110008097,True
940.02157,172,686.704871,688.0311524205814,True
937.986829,171,688.283709,692.3553984924334,True
916.747949,177,689.664132,712.1270418465895,True
911.987452,166,690.970194,701.172061867161,True
925.011461,171,692.362122,705.7504790631765,True
323.255425,258,694.581575,1122.7185267149587,True
898.595904,163,695.884018,719.7393747062463,True
924.515289,176,697.206788,704.6466769653648,True
917.55798,178,698.5629,666.839015103019,True
949.174008,180,700.096926,678.2510327249682,True
930.763766,181,701.621249,689.9062891645883,True
872.754942,177,703.110815,709.7684026853184,True
937.20706,164,704.399905,683.571263700358,True
928.662446,161,705.604731,701.6027305373962,True
901.43154,161,706.834646,733.1154840535936,True
901.010645,171,708.087918,731.8119623190687,True
955.836951,167,709.343567,665.5460102167812,True
962.0772,164,710.579716,669.1812577076514,True
773.353286,179,711.975397,761.0947392452899,True
930.611661,164,713.299518,687.388490531891,True
933.193066,165,714.633629,696.4777727549177,True
962.44022,178,716.057887,666.8079604095234,True
919.690422,159,717.295854,705.5348673708274,True
933.959628,160,718.543556,697.4692380518694,True
933.272447,163,719.827163,700.6752790818483,True
756.981151,194,721.452414,774.9865861903003,True
904.094949,183,722.927995,712.4760797302863,True
946.211808,176,724.418881,684.1065800299709,True
959.680983,168,725.884135,674.2782428165727,True
949.9525,174,727.426154,677.1168481882879,True
961.593803,171,728.736219,668.8441711510333,True
932.889938,170,730.169927,694.4567453715132,True
941.334912,162,731.455633,690.9233448738511,True
848.674975,142,732.623757,762.8177575946587,True
936.987523,169,734.060306,692.7222250992115,True
938.84959,160,735.485413,694.3970834735771,True
955.369598,166,736.854779,678.40113803288,True
568.388522,178,738.303355,813.1977693808266,True
883.270751,157,739.561179,740.0867468294398,True
890.558128,164,740.821903,739.9525818201836,True
968.024635,168,742.227401,663.8232749250316,True
962.894137,165,743.619169,663.2175138362652,True
959.070854,173,745.036722,674.0303430313105,True
955.092348,173,746.473663,672.0114796735925,True
940.886955,160,747.676497,694.8814210715476,True
967.353206,170,749.03992,661.881558079607,True
979.7359,170,750.326352,649.2770699249862,True
956.101317,155,751.504332,674.4277061763468,True
899.927195,181,752.857623,690.0343906746235,True
938.620148,169,754.1849,683.2712041831918,True
917.865295,155,755.406757,721.2074610623821,True
935.391012,169,756.655782,695.7547181936103,True
981.569443,169,757.869738,652.2688068830635,True
904.900733,167,759.249141,699.7913018374853,True
899.759005,172,760.539224,719.4547077511517,True
942.866031,157,761.760553,692.4582982613439,True
947.151893,174,763.094827,686.176058263164,True
865.630775,151,764.349574,754.7216978921451,True
923.740564,162,765.674878,675.6240312825067,True
914.215604,167,766.987172,710.2864974587263,True
958.684887,166,768.433553,671.1257619374554,True
840.133974,156,769.760743,735.2155938395006,True
952.498246,173,771.158124,674.7147512890182,True
902.197745,156,772.452683,730.9426014008669,True
954.962754,157,773.809859,674.2049005282888,True
944.248236,179,775.450733,682.7599706239586,True
922.718357,167,776.936346,701.6916028712852,True
748.744713,169,778.292485,752.8194349201042,True
963.222363,170,779.594785,666.7847040493151,True
972.98784,161,780.811408,658.6778826623527,True
950.41535,163,782.164186,653.8519164984433,True
946.463895,184,783.647583,681.3743697667791,True
954.631872,165,784.876038,678.3797939337518,True
815.39848,163,786.191004,691.716278958548,True
1003.612896,167,787.573191,631.3949252085673,True
965.0012,169,789.021181,665.0437492894858,True
982.374338,159,790.236027,651.8299231802255,True
986.401512,164,791.482138,646.396390410981,True
873.065425,142,792.568988,766.2701043710646,True
959.167222,169,793.903955,668.8354161707074,True
949.404938,161,795.271609,686.490886020105,True
869.413837,158,796.491379,725.8994897936975,True
966.767651,172,797.940693,659.7831803597627,True
990.092447,175,799.251376,640.4808366486454,True
956.71683,171,800.580198,660.7453407776104,True
930.086763,155,801.847888,688.1668571776819,True
966.483186,166,803.343567,668.315065635197,True
961.556746,178,804.861922,648.5428285354012,True
972.109747,165,806.302418,657.9175527252397,True
947.117946,163,807.700842,683.6195454921143,True
957.6068,154,809.139742,676.5263025949375,True
937.954984,166,810.540239,691.553691323381,True
966.936752,169,811.879698,653.5010874939669,True
880.909252,159,813.426312,715.3030184281076,True
996.694235,161,814.818027,636.7729283671853,True
953.136272,152,816.036868,678.8155457255373,True
978.871798,168,817.410785,649.9472455933122,True
913.025669,161,818.707597,689.9362123121556,True
984.806242,165,820.086387,646.7139410538688,True
998.76309,168,821.466972,632.8401694597255,True
959.898097,163,823.002037,669.9149736195941,True
963.846359,166,824.380668,655.9516608094987,True
986.110967,162,825.63123,644.377720975038,True
970.180935,173,826.940892,658.851360771883,True
939.93894,171,828.28994,665.3848102889199,True
967.591196,155,829.530744,661.1325300123641,True
982.663597,153,830.673732,655.8174946001322,True
982.975559,164,832.065961,651.8068824600097,True
898.568267,155,833.440079,688.5049617547675,True
883.56221,146,834.810661,741.379369407967,True
963.089984,156,836.296226,668.4418970867349,True
906.59389,168,837.744766,677.7604059435178,True
860.543424,180,839.285948,679.4495194498163,True
969.048373,165,840.624655,656.6169484249241,True
936.509432,158,842.050502,681.011473692973,True
951.226422,171,843.610136,675.0378048732059,True
915.245295,149,844.863839,720.4774890939574,True
949.08973,159,846.097971,660.8858732838685,True
862.785044,146,847.172589,726.2192653905959,True
966.86142,164,848.556414,663.6487835108746,True
966.202441,172,850.060107,642.5429523067047,True
986.234485,168,851.492239,644.6190585693599,True
925.187808,156,852.780253,676.1242672033404,True
589.135981,241,854.69842,985.9747733143823,True
965.147677,167,856.092977,663.8621278533176,True
874.140282,153,857.329737,666.771196365849,True
984.014389,174,858.752999,644.2363952859077,True
886.524863,172,860.293062,682.0704684609987,True
986.36755,165,861.585603,633.5115055326615,True
966.932784,174,863.074819,658.5029047446111,True
865.456787,146,864.402967,751.0449337009748,True
957.650454,162,865.802929,678.1089746235963,True
985.340628,166,867.175944,647.7837668076073,True
925.751968,162,868.460746,705.6385338797083,True
935.557631,159,869.733053,678.6110808263625,True
925.919266,171,871.042374,697.9799455379142,True
909.92997,159,872.224777,691.9303737899505,True
957.448086,164,873.493668,671.323106273928,True
943.277042,163,874.77585,672.6200389917522,True
963.189059,164,876.06473,671.719571521704,True
939.197407,165,877.371749,682.5470016005149,True
956.2622,157,878.660261,669.6059738154321,True
980.227201,156,879.874125,655.8632258223016,True
961.007629,169,881.19732,663.6000498199355,True
600.50496,164,882.51256,857.6196563871234,True
962.489566,166,883.929374,662.8161042379546,True
967.681668,162,885.21629,664.5505136960484,True
965.83186,168,886.557846,664.6754810229294,True
914.922413,158,887.766172,697.7737625987396,True
953.102362,179,889.234598,674.1759480579383,True
974.56401,162,890.558923,658.9710161590992,True
889.888222,146,891.731651,723.7176865041332,True
960.143039,156,893.079635,672.6942166885283,True
923.759506,161,894.568058,701.8227690177249,True
909.810892,156,895.999831,708.8991033494508,True
982.482327,169,897.305034,647.3899548066174,True
955.460237,152,898.575095,682.6688046585346,True
924.573438,151,899.899556,715.2363432108058,True
889.873736,146,901.099718,728.4645764315718,True
932.398011,147,902.390197,702.8528597167858,True
951.843928,163,903.682305,679.0084950258049,True
967.858821,159,905.004611,659.4717793185226,True
974.182068,165,906.309968,659.7649450913203,True
970.604473,157,907.5067,665.813372733373,True
922.382353,168,908.807537,690.0262975736082,True
927.91105,149,909.955131,705.3670013618902,True
966.307301,165,911.261303,659.8162713445906,True
970.473401,163,912.571022,663.1175748983343,True
874.550143,153,913.794123,705.5316665269096,True
932.955212,147,914.921558,695.2322941344665,True
936.295878,150,916.042138,700.7707695333048,True
958.756271,153,917.196658,677.3689776012158,True
923.137929,154,918.376848,696.186860417691,True
934.732928,151,919.552634,689.8061032458753,True
970.878009,155,920.713344,660.9029817023376,True
966.688821,163,922.095673,666.6594943493445,True
959.809636,162,923.429689,647.7759769715099,True
978.613286,165,924.869681,652.7422079997846,True
975.450208,159,926.204969,655.6485958063314,True
857.591045,141,927.291387,767.1782070694236,True
965.301955,157,928.622199,672.9407050709973,True
965.047901,161,929.912775,668.1482740644186,True
940.299799,157,931.29613,692.6897601068272,True
956.398129,156,932.482511,677.5394529223123,True
941.286237,173,933.846067,671.3169259417531,True
911.526534,158,935.268467,690.9135793921541,True
879.744561,167,936.653665,687.9210455149931,True
922.759991,149,937.85688,694.3711904377805,True
979.099058,161,939.206323,655.2900257071796,True
973.98372,169,940.514997,654.7555416183835,True
977.715221,159,941.855576,657.6570960308618,True
960.584436,173,943.328723,667.5747541516066,True
985.954481,162,944.707349,648.5163420878719,True
990.196189,164,946.081483,643.1139740378726,True
952.872835,155,947.408811,683.0533007160601,True
979.457134,165,948.743673,651.4716815669076,True
944.585606,164,950.023752,683.5959546060585,True
832.334431,180,951.491927,734.0015629703669,True
974.177145,157,952.725017,663.3070927484737,True
982.276979,163,954.220968,652.4186296290225,True
950.801029,158,955.62904,669.310198892447,True
939.926325,158,956.88508,680.1915434739154,True
937.422023,161,958.140601,687.6946582040656,True
966.554734,156,959.341008,665.3258640121632,True
932.047125,161,960.64693,684.9859542679977,True
998.456052,157,961.8822,637.1150351510668,True
959.312118,155,963.065521,674.906282653132,True
955.220322,171,964.55887,677.7423216125342,True
957.575943,173,966.060713,673.3190582177896,True
988.144711,161,967.295251,640.3469118356935,True
975.157927,165,968.687637,649.2432816209446,True
960.032184,162,969.976364,653.549421937751,True
988.872188,167,971.303187,645.6837100159233,True
955.427687,171,972.740896,632.8618135254127,True
988.874749,159,974.042939,643.7954511101447,True
865.596458,165,975.422727,716.1943751133163,True
986.33095,159,976.70068,648.9449022351448,True
986.017214,158,977.943379,646.2924906370208,True
991.667006,160,979.342561,642.0698983634127,True
983.375599,158,980.633248,651.6114708448582,True
901.827197,147,981.784212,732.7478613373606,True
946.257736,157,983.119017,673.7141877296792,True
890.572312,179,984.680599,696.8070583042396,True
980.4012,163,986.252273,655.8614798872761,True
983.391805,170,987.769015,646.3467673029329,True
986.21951,164,989.282713,644.8154430909927,True
939.710961,167,990.653399,691.2086395121345,True
982.902047,167,992.059655,648.8669828342761,True
972.187559,168,993.419469,658.2021646787821,True
986.3357,168,994.744162,647.551354103101,True
997.53353,165,996.163008,635.1314101108741,True
929.943891,174,997.561725,683.9478173802892,True
997.930611,166,998.884799,631.0790460115288,True
1014.569651,170,1000.136717,619.8417518539162,True
949.750116,152,1001.265055,686.2168956787451,True
979.69796,167,1002.603636,650.0658227463276,True
987.244707,165,1003.888545,648.3250305691623,True
966.926223,168,1005.206648,643.3470131000396,True
982.608624,161,1006.466746,647.6887328469859,True
968.346209,155,1007.625192,663.246491351638,True
904.746085,171,1008.977541,700.3642020374683,True
992.151985,169,1010.302336,631.3825378546694,True
972.260172,158,1011.497519,662.4065078410006,True
979.41719,170,1012.917101,652.6541057655103,True
891.958135,155,1014.366904,720.721000542561,True
974.640213,157,1015.767275,659.9642852524522,True
714.800224,211,1017.488695,904.4288409893413,True
955.956893,163,1018.793742,667.1363159458534,True
990.972461,162,1019.989917,645.4494505218479,True
984.823554,171,1021.294611,644.8724730205835,True
1026.083592,170,1022.780655,601.4768917571547,True
1005.594312,164,1024.057875,628.7270359701002,True
917.671666,164,1025.507964,695.6997147198357,True
958.447032,158,1026.78128,665.8038189185224,True
1001.640665,163,1028.223938,634.1304062227244,True
1004.180748,164,1029.561399,626.2618523592596,True
992.815372,166,1030.800406,636.2278379513496,True
959.323939,161,1032.018125,647.385409072068,True
995.909005,164,1033.247787,636.113797425017,True
935.397796,182,1034.786139,689.058660618093,True
999.638821,160,1035.998291,632.3854340828447,True
981.187966,169,1037.291559,650.1952488986974,True
1001.179189,163,1038.459726,634.1682580489872,True
980.572299,166,1039.685262,652.1345610073485,True
842.850917,176,1040.954457,714.0506263101864,True
938.585831,156,1042.123042,675.8479907463981,True
969.963473,164,1043.450401,659.1131105771337,True
1012.634655,168,1045.02807,618.0167303232688,True
980.709822,155,1046.356276,650.9587724021155,True
769.149884,160,1047.728385,783.9588630484818,True
990.83069,172,1049.108896,632.8216312263922,True
959.99508,163,1050.341858,665.5393980884897,True
930.791939,162,1051.608302,692.5739655139557,True
1001.649305,164,1053.075495,631.8946138251014,True
865.324077,178,1054.704599,691.8138806858823,True
987.938986,162,1055.994471,643.3723492109856,True
975.946929,154,1057.270995,660.3229813594766,True
1006.22222,169,1058.528145,626.3553672320912,True
951.889411,158,1059.832936,667.516824950358,True
981.282852,157,1061.10561,651.8473145644781,True
890.431438,159,1062.351141,687.5652360757133,True
935.756598,165,1063.70932,649.4643429878142,True
886.382337,170,1065.117337,690.1415075605466,True
985.554012,166,1066.441885,641.002353987315,True
918.082557,178,1067.85541,688.5372297879043,True
997.387898,160,1069.155174,635.2946127836408,True
905.087119,163,1070.387846,716.7986168991544,True
965.674603,167,1071.635978,647.481563014917,True
976.58982,171,1073.117532,645.1415250979088,True
919.215148,164,1074.623914,693.5855902538868,True
984.078794,159,1076.146076,649.4447574772535,True
983.228689,168,1077.473571,647.9934654516434,True
1003.654624,160,1078.813316,630.727451553032,True
990.822915,167,1080.049345,638.1695767220951,True
873.814554,172,1081.356058,688.3465285141049,True
1004.102149,166,1082.677238,623.5531707310822,True
954.331089,165,1084.07734,670.877836561178,True
985.75943,165,1085.440393,642.0708603668593,True
969.140075,167,1086.771084,649.920607502777,True
940.874803,155,1088.244249,693.6430509175013,True
949.768308,167,1089.59742,685.0673349189256,True
944.070584,169,1090.946583,659.921931763319,True
973.440991,171,1092.316909,657.9879161662217,True
979.600792,156,1093.562706,655.8825282479173,True
979.894876,155,1094.722545,656.2240735699985,True
992.020489,163,1095.993643,641.889971549308,True
991.255195,162,1097.249598,639.930398894318,True
998.345106,166,1098.688637,633.2428587332494,True
997.580618,170,1100.005669,635.1098691428792,True
983.011063,157,1101.44212,652.4860860989826,True
939.920036,163,1103.014863,676.7489923600388,True
940.516151,155,1104.641273,689.2167890153637,True
961.776103,166,1106.06665,646.7685881000526,True
1014.289596,167,1107.618732,618.4298518814835,True
892.071066,153,1108.986922,711.944042392876,True
991.209825,165,1110.452106,638.1002854527538,True
898.249275,156,1111.707821,686.5331374193731,True
994.575319,160,1112.959667,637.302670917614,True
993.174845,167,1114.233484,637.0489631472984,True
985.285355,160,1115.518469,645.7291312008067,True
978.655462,159,1116.740412,648.0122557386627,True
947.289804,156,1117.913926,676.4693883327909,True
959.280033,157,1119.204145,668.4062980663178,True
963.470039,173,1120.525304,668.5691577895865,True
969.246353,171,1121.948801,659.153469660939,True
977.463986,168,1123.330186,645.9947075041536,True
1010.057853,165,1124.619196,621.1780828628741,True
1004.852278,157,1125.869887,629.2886455618008,True
938.294532,152,1127.074135,666.8511305859413,True
988.81657,159,1128.262305,643.0898276903999,True
863.869289,167,1129.582884,693.2228701221765,True
937.038266,168,1130.930835,657.9520417201227,True
900.162053,144,1132.22224,708.5490730509858,True
981.526917,172,1133.661105,647.2418900250302,True
920.374107,167,1135.199583,674.7235194713768,True
985.785511,167,1136.673696,645.9815333801796,True
1011.003745,165,1137.980188,621.4550574151416,True
868.05059,176,1139.46235,720.2535238888908,True
1005.517703,160,1140.739839,629.3293969817917,True
998.842328,163,1142.218927,633.8486858201807,True
300.455217,329,1144.978847,1285.4126998249353,True
1002.082432,166,1146.300767,630.6249699095011,True
960.474796,163,1147.606321,664.8039322097821,True
986.327576,160,1148.90331,642.4451162455302,True
1002.692481,169,1150.348347,625.2816834632023,True
943.753007,173,1151.820699,675.2397019360761,True
833.111836,185,1153.249959,713.5260308685363,True
988.687388,163,1154.485644,643.2435632840638,True
993.167236,164,1155.727407,629.754323630129,True
988.38783,155,1156.960183,645.6447925581602,True
353.693089,224,1158.789533,953.3595538357733,True
814.711612,215,1160.509418,804.5304035580225,True
980.028091,163,1161.806008,652.1936924638413,True
994.241856,166,1163.221245,636.6584339225159,True
995.504764,164,1164.686607,633.8634591040978,True
978.045822,156,1166.001798,655.0736006737366,True
972.98596,158,1167.285218,651.451572015984,True
992.916324,167,1168.619018,638.2385694897423,True
1007.535543,167,1169.926906,625.6959124916198,True
1004.462366,165,1171.250522,625.3907411931647,True
973.061869,170,1172.53954,660.0609524891079,True
707.728258,186,1174.108254,812.6780519921249,True
859.684058,144,1175.259319,777.5789006363603,True
1012.69579,164,1176.558392,622.2249326204611,True
986.517061,170,1177.902415,641.2344750479798,True
952.853758,175,1179.471721,678.0477648004215,True
984.758717,165,1180.901541,641.8015073086842,True
1003.002171,162,1182.259278,626.6471159127846,True
978.970901,162,1183.679179,650.5428392044296,True
955.343288,170,1185.062484,676.599778208286,True
939.136879,156,1186.369468,682.2792496763344,True
959.66251,162,1187.659782,646.1681838781597,True
990.407168,168,1189.05073,629.9912174036061,True
977.91077,171,1190.313861,653.4255048751114,True
